epoch_num,num_seeds,nc5_mean,nc5_std_across_seed
10,1,0.7380104189367219,0.0
20,1,0.6957252509153835,0.0
30,1,0.6758938294840919,0.0
40,1,0.7008182583224334,0.0
50,1,0.6990697418135181,0.0
60,1,0.6936830903032252,0.0
70,1,0.676783309494076,0.0
80,1,0.6194299766338736,0.0
90,1,0.596855083625148,0.0
100,1,0.5934381481286528,0.0
